{"CONTRACT_USDT_MAIN":"0x55d398326f99059ff775485246999027b3197955","CONTRACT_USDT_TEST":"0xed24fc36d5ee211ea25a80239fb8c4cfd80f12ee","projectId":"be384e59b264417aafa05e2ea12da111","tokenBlockcypher":"f26c3f3bdf0e45199ddccd306126f7ba","feeRutPaypalNoiBo":"10","feeRutPaypalAcc":2,"feeRutBTCNoiBo":0,"feeRutBTCAcc":0.0003,"feeRutETHNoiBo":0,"feeRutETHERC20":2,"feeRutUSDTNoiBo":"10","feeRutUSDTBEP20":"1","feeRutUSDTERC20":2,"quotePriceUSDT":1,"quotePricePAYPAL":1,"typeCurrUseSys":"usdt","minDepositBTC":0.001,"minDepositETH":0.02,"minDepositUSDT":50,"minDepositPaypal":"4","minWithdrawalBTC":5,"minWithdrawalETH":5,"minWithdrawalUSDT":43,"minWithdrawalPaypal":1,"isActiveWalletPaypal":false,"isActiveWalletETH":false,"isActiveWalletUSDT":false,"isActiveWalletBTC":false,"timeLoop":60,"teleChatToken":"1921263961:AAGq9gWArp1lCGfISCywmv4phGLDm_aOQ_Y","activeBetSendTelegram":false,"activeDepositSendTelegram":false,"activeWithdraSendTelegram":false,"maintenance":false,"maintenanceContent":"Binance sẽ thực hiện nâng cấp hệ thống theo lịch trình. Quý khách trade coin vui lòng để ý để chủ động trong gd hoặc rút tiền.","IS_TEST_SMART_CHAIN":true,"ADDRESS_ETH_USDT":"0xde36301b82EA69AED38fa987F5Be74D853749715","ADDRESS_ETH_TRANSACTION":"0xa84027356b1CFC0068Cc024993010B9075486B01","PRIVATE_KEY_ETH_TRANSACTION":"4e9d7c2201ee96bec408427c84aee6910d9cce8fb530c47f936ca1fad0eea1d4","quotePriceVND":"23000","isActiveWalletVND":true,"TELEGRAM_TOKEN":"5516132626:AAG5wrnpKcSx9EMqleEqmyyCuBG8mbJc14I","TELEGRAM_BET_ID":"local_bo","TELEGRAM_RUT_ID":"local_bo","TELEGRAM_NAP_ID":"local_bo","TELEGRAM_BET_AMOUNT":"local_bo","TELEGRAM_BET_THONG_BAO":"local_bo","TELEGRAM_BET_PHIM_LENH":"local_bo","quotePriceBNB":272.49,"quotePriceETH":1321.65,"quotePriceBTC":19389.48,"autoQuoteSet":true}